Model,MAE,RMSE,MAPE,R2,MSE
moving_average,317.48627063124053,592.1141546093452,1453.3803871837738,-0.022115145028139382,350599.17208873946
