Model,MAE,RMSE,MAPE,R2,MSE
random_forest,73.03556622119862,178.1689973270984,147.11794479889159,0.9074549468657753,31744.191608543595
