Model,MAE,RMSE,MAPE,R2,MSE
sarima,259.51389507934965,585.7362909420686,987.8081118147579,-0.00021463044401581755,343087.0025265717
